motif_id	motif_cluster	motif_name	motif_cluster_name
MA0658.2	0	LHX6	HOX-Homeobox
MA1519.2	0	LHX5	HOX-Homeobox
MA0068.2	0	PAX4	HOX-Homeobox
MA1577.2	0	TLX2	HOX-Homeobox
MA0135.2	0	Lhx3	HOX-Homeobox
MA0681.3	0	PHOX2B	HOX-Homeobox
MA0902.3	0	HOXB2	HOX-Homeobox
MA1481.2	0	DRGX	HOX-Homeobox
MA0896.2	0	Hmx1	HOX-Homeobox
MA1504.2	0	HOXC4	HOX-Homeobox
MA0880.2	0	Dlx3	HOX-Homeobox
MA0881.2	0	Dlx4	HOX-Homeobox
MA0874.2	0	Arx	HOX-Homeobox
MA0854.2	0	Alx1	HOX-Homeobox
MA0644.3	0	ESX1	HOX-Homeobox
MA1530.2	0	NKX6-3	HOX-Homeobox
MA1495.2	0	HOXA1	HOX-Homeobox
MA0700.3	0	LHX2	HOX-Homeobox
MA1549.2	0	POU6F1	HOX-Homeobox
MA0791.2	0	POU4F3	HOX-Homeobox
MA0893.3	0	GSX2	HOX-Homeobox
MA0634.2	0	ALX3	HOX-Homeobox
MA0894.2	0	HESX1	HOX-Homeobox
MA1502.2	0	HOXB8	HOX-Homeobox
MA0703.3	0	LMX1B	HOX-Homeobox
MA1476.3	0	Dlx5	HOX-Homeobox
MA0701.3	0	LHX9	HOX-Homeobox
MA0790.2	0	POU4F1	HOX-Homeobox
MA1496.2	0	HOXA4	HOX-Homeobox
MA0611.3	0	Dux	HOX-Homeobox
MA1499.2	0	HOXB4	HOX-Homeobox
MA0885.3	0	Dlx2	HOX-Homeobox
MA1497.2	0	HOXA6	HOX-Homeobox
MA0706.2	0	MEOX2	HOX-Homeobox
MA0879.3	0	DLX1	HOX-Homeobox
MA0900.3	0	HOXA2	HOX-Homeobox
MA0612.3	0	EMX1	HOX-Homeobox
MA0132.3	0	PDX1	HOX-Homeobox
MA0630.2	0	SHOX	HOX-Homeobox
MA2093.1	0	HOXB1	HOX-Homeobox
MA0027.3	0	EN1	HOX-Homeobox
MA0621.2	0	mix-a	HOX-Homeobox
MA0721.2	0	UNCX	HOX-Homeobox
MA0876.2	0	BSX	HOX-Homeobox
MA0912.2	0	HOXD3	HOX-Homeobox
MA0707.3	0	MNX1	HOX-Homeobox
MA0722.2	0	VAX1	HOX-Homeobox
MA0723.3	0	VAX2	HOX-Homeobox
MA1507.2	0	HOXD4	HOX-Homeobox
MA0675.2	0	NKX6-2	HOX-Homeobox
MA0654.2	0	ISX	HOX-Homeobox
MA0720.2	0	Shox2	HOX-Homeobox
MA1505.2	0	HOXC8	HOX-Homeobox
MA0904.3	0	HOXB5	HOX-Homeobox
MA0725.2	0	VSX1	HOX-Homeobox
MA1500.2	0	HOXB6	HOX-Homeobox
MA0884.2	0	DUXA	HOX-Homeobox
MA0903.2	0	HOXB3	HOX-Homeobox
MA0726.2	0	VSX2	HOX-Homeobox
MA0890.2	0	GBX2	HOX-Homeobox
MA0713.1	0	PHOX2A	HOX-Homeobox
MA0718.2	0	RAX	HOX-Homeobox
MA0705.2	0	Lhx8	HOX-Homeobox
MA0875.2	0	BARX1	HOX-Homeobox
MA0853.2	0	Alx4	HOX-Homeobox
MA1498.3	0	HOXA7	HOX-Homeobox
MA0898.2	0	Hmx3	HOX-Homeobox
MA0889.2	0	GBX1	HOX-Homeobox
MA0886.2	0	EMX2	HOX-Homeobox
MA0708.3	0	MSX2	HOX-Homeobox
MA0158.2	0	HOXA5	HOX-Homeobox
MA0628.2	0	POU6F1	HOX-Homeobox
MA0075.4	0	PRRX2	HOX-Homeobox
MA0716.2	0	PRRX1	HOX-Homeobox
MA0680.3	0	Pax7	HOX-Homeobox
MA0793.2	0	POU6F2	HOX-Homeobox
MA0702.3	0	LMX1A	HOX-Homeobox
MA0125.2	0	Nobox	HOX-Homeobox
MA0709.2	0	Msx3	HOX-Homeobox
MA1463.2	0	ARGFX	HOX-Homeobox
MA0683.2	0	POU4F2	HOX-Homeobox
MA0910.3	0	HOXD8	HOX-Homeobox
MA0704.2	0	Lhx4	HOX-Homeobox
MA0715.1	0	PROP1	HOX-Homeobox
MA0674.2	0	NKX6-1	HOX-Homeobox
MA0724.1	0	VENTX	HOX-Homeobox
MA0888.2	0	EVX2	HOX-Homeobox
MA0717.2	0	RAX2	HOX-Homeobox
MA0661.2	0	MEOX1	HOX-Homeobox
MA0666.3	0	MSX1	HOX-Homeobox
MA0662.2	0	MIXL1	HOX-Homeobox
MA1471.2	0	BARX2	HOX-Homeobox
MA0887.2	0	EVX1	HOX-Homeobox
MA2119.1	0	HOXA3	HOX-Homeobox
MA0892.2	0	GSX1	HOX-Homeobox
MA0710.2	0	NOTO	HOX-Homeobox
MA0897.2	0	Hmx2	HOX-Homeobox
MA1518.3	0	Lhx1	HOX-Homeobox
MA0618.2	0	LBX1	HOX-Homeobox
MA1501.2	0	HOXB7	HOX-Homeobox
MA0699.2	0	LBX2	HOX-Homeobox
MA0882.2	0	DLX6	HOX-Homeobox
MA0642.3	0	EN2	HOX-Homeobox
MA0084.2	1	SRY	SOX
MA1563.2	1	SOX18	SOX
MA2095.1	1	Sox7	SOX
MA1561.2	1	SOX12	SOX
MA1562.2	1	SOX14	SOX
MA0515.1	1	Sox6	SOX
MA0143.5	1	SOX2	SOX
MA0077.2	1	SOX9	SOX
MA0078.3	1	Sox17	SOX
MA0867.3	1	SOX4	SOX
MA0866.1	1	SOX21	SOX
MA0514.3	1	Sox3	SOX
MA1152.2	1	SOX15	SOX
MA0442.3	1	SOX10	SOX
MA1120.2	1	SOX13	SOX
MA0087.3	1	Sox5	SOX
MA0868.3	1	SOX8	SOX
MA0870.1	1	Sox1	SOX
MA0869.3	1	Sox11	SOX
MA1571.1	2	TGIF2LX	TALE-Homeobox
MA0774.1	2	MEIS2	TALE-Homeobox
MA0796.1	2	TGIF1	TALE-Homeobox
MA0797.1	2	TGIF2	TALE-Homeobox
MA0498.3	2	MEIS1	TALE-Homeobox
MA0775.2	2	MEIS3	TALE-Homeobox
MA1572.1	2	TGIF2LY	TALE-Homeobox
MA0783.1	2	PKNOX2	TALE-Homeobox
MA0467.3	3	Crx	Sensory,Carnial-Homeobox
MA0711.2	3	OTX1	Sensory,Carnial-Homeobox
MA0712.3	3	OTX2	Sensory,Carnial-Homeobox
MA0714.2	3	PITX3	Sensory,Carnial-Homeobox
MA0891.2	3	GSC2	Sensory,Carnial-Homeobox
MA0682.3	3	PITX1	Sensory,Carnial-Homeobox
MA0719.2	3	RHOXF1	Sensory,Carnial-Homeobox
MA0648.2	3	GSC	Sensory,Carnial-Homeobox
MA0787.1	4	POU3F2	POU-Domain-TFs
MA0785.2	4	POU2F1	POU-Domain-TFs
MA0627.3	4	POU2F3	POU-Domain-TFs
MA0507.3	4	POU2F2	POU-Domain-TFs
MA0788.1	4	POU3F3	POU-Domain-TFs
MA1962.1	4	POU2F1::SOX2	POU-Domain-TFs
MA0142.1	4	Pou5f1::Sox2	POU-Domain-TFs
MA0786.2	4	POU3F1	POU-Domain-TFs
MA0784.3	4	POU1F1	POU-Domain-TFs
MA0789.1	4	POU3F4	POU-Domain-TFs
MA0792.1	4	POU5F1B	POU-Domain-TFs
MA1115.2	4	POU5F1	POU-Domain-TFs
MA1683.2	5	FOXA3	FOX
MA0852.3	5	FOXK1	FOX
MA1489.1	5	FOXN3	FOX
MA0033.2	5	FOXL1	FOX
MA0042.2	5	FOXI1	FOX
MA0613.1	5	FOXG1	FOX
MA0846.2	5	FOXC2	FOX
MA0157.4	5	Foxo3	FOX
MA1606.2	5	Foxf1	FOX
MA0851.2	5	Foxj3	FOX
MA1487.3	5	FOXE1	FOX
MA0148.5	5	FOXA1	FOX
MA0030.2	5	FOXF2	FOX
MA0031.2	5	FOXD1	FOX
MA0614.1	5	Foxj2	FOX
MA0850.1	5	FOXP3	FOX
MA0481.4	5	FOXP1	FOX
MA0040.2	5	Foxq1	FOX
MA2118.1	5	FOXS1	FOX
MA0847.4	5	FOXD2	FOX
MA0845.1	5	FOXB1	FOX
MA1103.3	5	FOXK2	FOX
MA0593.2	5	FOXP2	FOX
MA2117.1	5	FOXP4	FOX
MA0032.2	5	FOXC1	FOX
MA0041.3	5	FOXD3	FOX
MA0480.3	5	Foxo1	FOX
MA0848.1	5	FOXO4	FOX
MA1607.2	5	Foxl2	FOX
MA0047.4	5	FOXA2	FOX
MA0849.1	5	FOXO6	FOX
MA0810.2	6	TFAP2A	TFAP2
MA0524.3	6	TFAP2C	TFAP2
MA0811.2	6	TFAP2B	TFAP2
MA1604.2	7	Ebf2	EBF2/3
MA1637.2	7	EBF3	EBF2/3
MA0600.3	8	RFX2	RFX
MA0510.3	8	RFX5	RFX
MA0798.3	8	RFX3	RFX
MA0509.3	8	RFX1	RFX
MA1569.2	9	TFAP2E	TFAP2-Extended
MA0003.5	9	TFAP2A	TFAP2-Extended
MA0812.2	9	TFAP2B	TFAP2-Extended
MA0763.2	10	ETV3	ETS
MA1957.1	10	HOXB2::ELK1	ETS
MA0475.3	10	FLI1	ETS
MA1484.2	10	ETS2	ETS
MA0762.2	10	ETV2	ETS
MA2326.1	10	IKZF2	ETS
MA1931.1	10	ELK1::HOXA1	ETS
MA0081.3	10	SPIB	ETS
MA0062.4	10	GABPA	ETS
MA1942.2	10	ETV2::FOXI1	ETS
MA0076.3	10	ELK4	ETS
MA1954.2	10	FOXO1::ELK1	ETS
MA1948.2	10	ETV5::HOXA2	ETS
MA1933.2	10	ELK1::SREBF2	ETS
MA0028.3	10	ELK1	ETS
MA1935.2	10	ERF::FOXI1	ETS
MA2332.1	10	ZNF175	ETS
MA1958.2	10	HOXD12::ELK1	ETS
MA0750.3	10	ZBTB7A	ETS
MA1953.2	10	FOXO1::ELF1	ETS
MA1992.2	10	Ikzf3	ETS
MA2329.1	10	ZBTB11	ETS
MA0759.3	10	ELK3	ETS
MA1956.2	10	FOXO1::FLI1	ETS
MA1955.2	10	FOXO1::ELK3	ETS
MA1936.2	10	ERF::FOXO1	ETS
MA0687.2	10	SPIC	ETS
MA0098.4	10	ETS1	ETS
MA1708.2	10	ETV7	ETS
MA0598.4	10	EHF	ETS
MA0760.2	10	ERF	ETS
MA2340.1	10	Zbtb2	ETS
MA1949.2	10	FLI1::DRGX	ETS
MA1508.2	10	IKZF1	ETS
MA0474.4	10	Erg	ETS
MA1937.2	10	ERF::HOXB13	ETS
MA1950.2	10	FLI1::FOXI1	ETS
MA1483.3	10	ELF2	ETS
MA1947.2	10	ETV5::FOXO1	ETS
MA0641.1	10	ELF4	ETS
MA0764.4	10	ETV4	ETS
MA0156.4	10	FEV	ETS
MA1946.2	10	ETV5::FOXI1	ETS
MA0645.2	10	ETV6	ETS
MA0136.4	10	Elf5	ETS
MA0640.3	10	ELF3	ETS
MA1932.2	10	ELK1::HOXB13	ETS
MA1952.2	10	FOXJ2::ELF1	ETS
MA0765.4	10	ETV5	ETS
MA1944.2	10	ETV5::DRGX	ETS
MA0473.4	10	ELF1	ETS
MA1940.2	10	ETV2::DRGX	ETS
MA0080.7	10	Spi1	ETS
MA0761.3	10	ETV1	ETS
MA0492.2	11	JUND	AP1-bZIP-2bp
MA1470.2	11	BACH2	AP1-bZIP-2bp
MA1131.2	11	FOSL2::JUN	AP1-bZIP-2bp
MA1632.2	11	ATF2	AP1-bZIP-2bp
MA1127.1	11	FOSB::JUN	AP1-bZIP-2bp
MA1143.2	11	FOSL1::JUND	AP1-bZIP-2bp
MA1951.2	11	FOS	AP1-bZIP-2bp
MA0840.2	11	Creb5	AP1-bZIP-2bp
MA1140.3	11	JUNB	AP1-bZIP-2bp
MA1475.2	11	CREB3L4	AP1-bZIP-2bp
MA1126.2	11	FOS::JUN	AP1-bZIP-2bp
MA0605.3	11	ATF3	AP1-bZIP-2bp
MA0018.5	11	CREB1	AP1-bZIP-2bp
MA0834.2	11	ATF7	AP1-bZIP-2bp
MA1145.2	11	FOSL2::JUND	AP1-bZIP-2bp
MA1139.2	11	FOSL2::JUNB	AP1-bZIP-2bp
MA0604.1	11	Atf1	AP1-bZIP-2bp
MA1129.1	11	FOSL1::JUN	AP1-bZIP-2bp
MA1133.2	11	JUN::JUNB	AP1-bZIP-2bp
MA0488.2	11	JUN	AP1-bZIP-2bp
MA1136.1	11	FOSB::JUNB	AP1-bZIP-2bp
MA0656.2	11	JDP2	AP1-bZIP-2bp
MA0609.3	11	CREM	AP1-bZIP-2bp
MA1468.1	12	ATOH7	Neuro-bHLH
MA1568.2	12	TCF21	Neuro-bHLH
MA0678.1	12	OLIG2	Neuro-bHLH
MA1570.1	12	TFAP4	Neuro-bHLH
MA0669.1	12	NEUROG2	Neuro-bHLH
MA0827.1	12	OLIG3	Neuro-bHLH
MA0607.2	12	BHLHA15	Neuro-bHLH
MA0818.2	12	BHLHE22	Neuro-bHLH
MA0623.2	12	NEUROG1	Neuro-bHLH
MA0461.3	12	Atoh1	Neuro-bHLH
MA0826.1	12	OLIG1	Neuro-bHLH
MA0817.2	12	BHLHE23	Neuro-bHLH
MA0729.1	13	RARA	RAR-NR2F
MA0728.1	13	Nr2F6	RAR-NR2F
MA0857.1	13	Rarb	RAR-NR2F
MA0859.2	13	Rarg	RAR-NR2F
MA1653.2	14	ZNF148	ZNF-SP-MAZ
MA1522.2	14	MAZ	ZNF-SP-MAZ
MA1532.2	15	NR1D2	NR-Super
MA0258.2	15	ESR2	NR-Super
MA0505.3	15	Nr5A2	NR-Super
MA1151.2	15	RORC	NR-Super
MA1538.1	15	NR2F1	NR-Super
MA0159.1	15	RARA::RXRA	NR-Super
MA2337.1	15	Nr1h3	NR-Super
MA0592.4	15	ESRRA	NR-Super
MA0860.1	15	Rarg	NR-Super
MA1541.2	15	NR6A1	NR-Super
MA0141.4	15	ESRRB	NR-Super
MA1550.2	15	PPARD	NR-Super
MA1576.2	15	THRB	NR-Super
MA1537.2	15	NR2F1	NR-Super
MA1555.1	15	RXRB	NR-Super
MA1148.2	15	PPARA::RXRA	NR-Super
MA1536.2	15	NR2C2	NR-Super
MA1110.3	15	Nr1H4	NR-Super
MA0643.2	15	Esrrg	NR-Super
MA0858.1	15	Rarb	NR-Super
MA1111.2	15	NR2F2	NR-Super
MA1539.1	15	NR2F6	NR-Super
MA0065.3	15	Pparg::Rxra	NR-Super
MA1574.2	15	THRB	NR-Super
MA1531.2	15	NR1D1	NR-Super
MA0072.2	15	RORA	NR-Super
MA0512.2	15	Rxra	NR-Super
MA0017.3	15	NR2F1	NR-Super
MA1540.3	15	NR5A1	NR-Super
MA1556.1	15	RXRG	NR-Super
MA1996.2	15	Nr1H2	NR-Super
MA0071.1	15	RORA	NR-Super
MA1150.2	15	RORB	NR-Super
MA0504.2	15	NR2C2	NR-Super
MA1553.2	15	RARG	NR-Super
MA1146.2	15	NR1H4::RXRA	NR-Super
MA1552.2	15	RARB	NR-Super
MA0856.1	15	RXRG	NR-Super
MA1149.2	15	RARA::RXRG	NR-Super
MA0115.1	15	NR1H2::RXRA	NR-Super
MA1147.2	15	NR4A2::RXRA	NR-Super
MA0730.1	15	RARA	NR-Super
MA0066.2	15	PPARG	NR-Super
MA0855.1	15	RXRB	NR-Super
MA0074.1	15	RXRA::VDR	NR-Super
MA1535.2	15	NR2C1	NR-Super
MA0677.2	15	Nr2f6	NR-Super
MA2338.1	15	Ppara	NR-Super
MA1503.2	16	HOXB9	HOX-Late-Homeobox
MA0911.2	16	Hoxa11	HOX-Late-Homeobox
MA0873.2	16	HOXD12	HOX-Late-Homeobox
MA0905.2	16	HOXC10	HOX-Late-Homeobox
MA1506.2	16	HOXD10	HOX-Late-Homeobox
MA0906.2	16	HOXC12	HOX-Late-Homeobox
MA0485.3	16	HOXC9	HOX-Late-Homeobox
MA0908.2	16	HOXD11	HOX-Late-Homeobox
MA0651.3	16	HOXC11	HOX-Late-Homeobox
MA0663.1	17	MLX	bHLH-Clock-Myc
MA0821.2	17	HES5	bHLH-Clock-Myc
MA0147.4	17	MYC	bHLH-Clock-Myc
MA0822.1	17	HES7	bHLH-Clock-Myc
MA1099.3	17	HES1	bHLH-Clock-Myc
MA0649.2	17	HEY2	bHLH-Clock-Myc
MA0636.1	17	BHLHE41	bHLH-Clock-Myc
MA0823.1	17	HEY1	bHLH-Clock-Myc
MA0616.3	17	HES2	bHLH-Clock-Myc
MA0825.2	17	MNT	bHLH-Clock-Myc
MA0622.2	17	Mlxip	bHLH-Clock-Myc
MA2325.1	17	EPAS1	bHLH-Clock-Myc
MA0259.2	17	ARNT::HIF1A	bHLH-Clock-Myc
MA0871.3	17	TFEC	bHLH-Clock-Myc
MA0620.4	17	MITF	bHLH-Clock-Myc
MA0819.3	17	CLOCK	bHLH-Clock-Myc
MA0104.5	17	MYCN	bHLH-Clock-Myc
MA0603.2	17	Arntl	bHLH-Clock-Myc
MA0664.2	17	MLXIPL	bHLH-Clock-Myc
MA0526.5	17	USF2	bHLH-Clock-Myc
MA0058.4	17	MAX	bHLH-Clock-Myc
MA0828.3	17	SREBF2	bHLH-Clock-Myc
MA0464.3	17	BHLHE40	bHLH-Clock-Myc
MA0608.1	17	Creb3l2	bHLH-Clock-Myc
MA1560.2	17	SOHLH2	bHLH-Clock-Myc
MA0831.3	17	TFE3	bHLH-Clock-Myc
MA0004.1	17	Arnt	bHLH-Clock-Myc
MA0692.2	17	TFEB	bHLH-Clock-Myc
MA0626.2	17	Npas2	bHLH-Clock-Myc
MA1106.2	17	HIF1A	bHLH-Clock-Myc
MA1464.2	17	ARNT2	bHLH-Clock-Myc
MA1101.3	18	BACH2	AP1-bZIP-1bp
MA0841.2	18	NFE2	AP1-bZIP-1bp
MA0501.2	18	MAF::NFE2	AP1-bZIP-1bp
MA0477.3	18	FOSL1	AP1-bZIP-1bp
MA0476.2	18	FOS	AP1-bZIP-1bp
MA1130.2	18	FOSL2::JUN	AP1-bZIP-1bp
MA1520.2	18	MAF	AP1-bZIP-1bp
MA0089.3	18	MAFG::NFE2L1	AP1-bZIP-1bp
MA0655.1	18	JDP2	AP1-bZIP-1bp
MA0150.3	18	Nfe2l2	AP1-bZIP-1bp
MA1988.2	18	Atf3	AP1-bZIP-1bp
MA0491.3	18	JUND	AP1-bZIP-1bp
MA1132.2	18	JUN::JUNB	AP1-bZIP-1bp
MA1134.2	18	FOS::JUNB	AP1-bZIP-1bp
MA1928.2	18	BNC2	AP1-bZIP-1bp
MA1521.2	18	MAFA	AP1-bZIP-1bp
MA0462.3	18	BATF::JUN	AP1-bZIP-1bp
MA1135.2	18	FOSB::JUNB	AP1-bZIP-1bp
MA0490.3	18	JUNB	AP1-bZIP-1bp
MA1137.2	18	FOSL1::JUNB	AP1-bZIP-1bp
MA1144.2	18	FOSL2::JUND	AP1-bZIP-1bp
MA0489.3	18	Jun	AP1-bZIP-1bp
MA1138.2	18	FOSL2::JUNB	AP1-bZIP-1bp
MA1633.2	18	BACH1	AP1-bZIP-1bp
MA0659.4	18	Mafg	AP1-bZIP-1bp
MA1141.2	18	FOS::JUND	AP1-bZIP-1bp
MA1128.2	18	FOSL1::JUN	AP1-bZIP-1bp
MA0478.2	18	FOSL2	AP1-bZIP-1bp
MA0496.4	18	MAFK	AP1-bZIP-1bp
MA0591.2	18	Bach1::Mafk	AP1-bZIP-1bp
MA1142.2	18	FOSL1::JUND	AP1-bZIP-1bp
MA1634.2	18	BATF	AP1-bZIP-1bp
MA0099.4	18	FOS::JUN	AP1-bZIP-1bp
MA0835.3	18	BATF3	AP1-bZIP-1bp
MA0864.3	19	E2F2	E2F-Cell-Cycle
MA0470.3	19	E2F4	E2F-Cell-Cycle
MA1967.2	20	TFAP4::FLI1	Muscle-Neurogenesis-bHLH
MA1619.2	20	Ptf1A	Muscle-Neurogenesis-bHLH
MA0048.3	20	NHLH1	Muscle-Neurogenesis-bHLH
MA0633.3	20	Twist2	Muscle-Neurogenesis-bHLH
MA1997.2	20	Olig2	Muscle-Neurogenesis-bHLH
MA0816.1	20	Ascl2	Muscle-Neurogenesis-bHLH
MA1472.3	20	Bhlha15	Muscle-Neurogenesis-bHLH
MA0832.2	20	Tcf21	Muscle-Neurogenesis-bHLH
MA1635.2	20	BHLHE22	Muscle-Neurogenesis-bHLH
MA1529.2	20	NHLH2	Muscle-Neurogenesis-bHLH
MA0665.1	20	MSC	Muscle-Neurogenesis-bHLH
MA0521.3	20	Tcf12	Muscle-Neurogenesis-bHLH
MA0691.1	20	TFAP4	Muscle-Neurogenesis-bHLH
MA0667.1	20	MYF6	Muscle-Neurogenesis-bHLH
MA0500.3	20	MYOG	Muscle-Neurogenesis-bHLH
MA1100.3	20	ASCL1	Muscle-Neurogenesis-bHLH
MA1641.2	20	MYF5	Muscle-Neurogenesis-bHLH
MA1993.2	20	Neurod2	Muscle-Neurogenesis-bHLH
MA0694.2	21	ZBTB7B	ZBTB7
MA0695.2	21	ZBTB7C	ZBTB7
MA0685.2	22	SP4	KLF-SP
MA0747.2	22	SP8	KLF-SP
MA1516.2	22	KLF3	KLF-SP
MA1511.2	22	KLF10	KLF-SP
MA1513.2	22	KLF15	KLF-SP
MA1515.2	22	KLF2	KLF-SP
MA0742.2	22	KLF12	KLF-SP
MA1959.2	22	KLF7	KLF-SP
MA1564.2	22	SP9	KLF-SP
MA0746.3	22	SP3	KLF-SP
MA0079.5	22	SP1	KLF-SP
MA0741.1	22	KLF16	KLF-SP
MA0516.3	22	SP2	KLF-SP
MA1512.2	22	KLF11	KLF-SP
MA0039.5	22	KLF4	KLF-SP
MA1517.2	22	KLF6	KLF-SP
MA1107.3	22	KLF9	KLF-SP
MA1961.2	22	PATZ1	KLF-SP
MA0657.2	22	KLF13	KLF-SP
MA0599.1	22	KLF5	KLF-SP
MA0740.2	22	KLF14	KLF-SP
MA0493.3	22	KLF1	KLF-SP
MA0805.1	23	TBX1	TBX-Homeobox
MA0802.2	23	TBR1	TBX-Homeobox
MA0689.1	23	TBX20	TBX-Homeobox
MA1567.3	23	Tbx6	TBX-Homeobox
MA0800.2	23	EOMES	TBX-Homeobox
MA0807.1	23	TBX5	TBX-Homeobox
MA0804.2	23	TBX19	TBX-Homeobox
MA0009.2	23	TBXT	TBX-Homeobox
MA1565.2	23	TBX18	TBX-Homeobox
MA0801.1	23	MGA	TBX-Homeobox
MA1566.3	23	TBX3	TBX-Homeobox
MA0806.1	23	TBX4	TBX-Homeobox
MA0688.2	23	TBX2	TBX-Homeobox
MA0690.3	23	TBX21	TBX-Homeobox
MA0803.1	23	TBX15	TBX-Homeobox
MA0101.1	24	REL	NF-κB-REL
MA0107.1	24	RELA	NF-κB-REL
MA0865.3	25	E2F8	E2F-DP-Cell-Cycle
MA0471.3	25	E2F6	E2F-DP-Cell-Cycle
MA1122.2	25	TFDP1	E2F-DP-Cell-Cycle
MA0766.3	26	GATA5	GATA
MA1970.2	26	TRPS1	GATA
MA0029.2	26	Mecom	GATA
MA1104.3	26	GATA6	GATA
MA0036.4	26	GATA2	GATA
MA0482.3	26	GATA4	GATA
MA0037.5	26	Gata3	GATA
MA0770.1	27	HSF2	HSF
MA0771.1	27	HSF4	HSF
MA0486.2	27	HSF1	HSF
MA1631.2	28	ASCL1	EMT / bHLH-Zinc-finger mix
MA1648.2	28	TCF12	EMT / bHLH-Zinc-finger mix
MA1559.2	28	SNAI3	EMT / bHLH-Zinc-finger mix
MA0103.4	28	ZEB1	EMT / bHLH-Zinc-finger mix
MA0830.3	28	TCF4	EMT / bHLH-Zinc-finger mix
MA0745.3	28	SNAI2	EMT / bHLH-Zinc-finger mix
MA0820.2	28	FIGLA	EMT / bHLH-Zinc-finger mix
MA0522.4	28	TCF3	EMT / bHLH-Zinc-finger mix
MA1558.2	28	SNAI1	EMT / bHLH-Zinc-finger mix
MA1620.2	28	Ptf1A	EMT / bHLH-Zinc-finger mix
MA0773.1	29	MEF2D	MEF2
MA0660.1	29	MEF2B	MEF2
MA0497.2	29	MEF2C	MEF2
MA0052.5	29	MEF2A	MEF2
MA0833.3	30	ATF4	ATF/CEBP
MA1636.2	30	CEBPG	ATF/CEBP
MA1966.2	31	TFAP4::ETV1	ETV/ETS‐fusion/FIGLA combos
MA1941.2	31	ETV2::FIGLA	ETV/ETS‐fusion/FIGLA combos
MA1945.2	31	ETV5::FIGLA	ETV/ETS‐fusion/FIGLA combos
MA1934.2	31	ERF::FIGLA	ETV/ETS‐fusion/FIGLA combos
MA0839.2	32	CREB3L1	CREB/ATF
MA0638.2	32	CREB3	CREB/ATF
MA0844.2	32	XBP1	CREB/ATF
MA1466.2	32	ATF6	CREB/ATF
MA1474.2	32	CREB3L4	CREB/ATF
MA1420.1	33	IRF5	IRF
MA0653.1	33	IRF9	IRF
MA1419.2	33	IRF4	IRF
MA1509.1	33	IRF6	IRF
MA0652.2	33	IRF8	IRF
MA1121.2	34	TEAD2	TEAD
MA0809.3	34	TEAD4	TEAD
MA0808.1	34	TEAD3	TEAD
MA0090.4	34	TEAD1	TEAD
MA1578.2	35	VEZF1	GLIS/VEZF
MA0736.1	35	GLIS2	GLIS/VEZF
MA0472.2	36	EGR2	EGR
MA0732.2	36	EGR3	EGR
MA0733.2	36	EGR4	EGR
MA0162.5	36	EGR1	EGR
MA1109.2	37	NEUROD1	Neuro-/mesenchymal bHLH/Twist
MA1618.2	37	Ptf1A	Neuro-/mesenchymal bHLH/Twist
MA0668.3	37	Neurod2	Neuro-/mesenchymal bHLH/Twist
MA1467.3	37	Atoh1	Neuro-/mesenchymal bHLH/Twist
MA1123.3	37	TWIST1	Neuro-/mesenchymal bHLH/Twist
MA1638.2	37	HAND2	Neuro-/mesenchymal bHLH/Twist
MA1642.2	37	NEUROG2	Neuro-/mesenchymal bHLH/Twist
MA0091.2	37	TAL1::TCF3	Neuro-/mesenchymal bHLH/Twist
MA0635.2	38	BARHL2	BARHL homeobox
MA0877.4	38	BARHL1	BARHL homeobox
MA0647.2	39	GRHL1	GRHL/TFCP2 epithelial regulators
MA1968.2	39	TFCP2	GRHL/TFCP2 epithelial regulators
MA0595.1	40	SREBF1	SREBF lipogenesis
MA0596.1	40	SREBF2	SREBF lipogenesis
MA0484.3	41	HNF4G	HNF4-NR
MA0114.5	41	HNF4A	HNF4-NR
MA0139.2	42	CTCF	CTCF
MA1929.2	42	CTCF	CTCF
MA1930.2	42	CTCF	CTCF
MA0782.3	43	PKNOX1	PBX/PKNOX TALE
MA1114.2	43	PBX3	PBX/PKNOX TALE
MA1545.2	44	OVOL2	OVOL epithelial switch
MA1544.2	44	OVOL1	OVOL epithelial switch
MA0624.3	45	Nfatc1	NFAT
MA0152.3	45	Nfatc2	NFAT
MA0606.3	45	Nfat5	NFAT
MA0625.3	45	NFATC3	NFAT
MA1525.3	45	NFATC4	NFAT
MA0861.2	46	TP73	p53/p63/p73
MA0525.2	46	TP63	p53/p63/p73
MA0106.3	46	TP53	p53/p63/p73
MA1473.2	47	CDX4	CDX/HOX developmental homeobox
MA0913.3	47	HOXD9	CDX/HOX developmental homeobox
MA0878.3	47	CDX1	CDX/HOX developmental homeobox
MA0899.2	47	HOXA10	CDX/HOX developmental homeobox
MA0465.3	47	CDX2	CDX/HOX developmental homeobox
MA0843.2	48	TEF	PAR-bZip circadian/TEF-DBP
MA0639.2	48	DBP	PAR-bZip circadian/TEF-DBP
MA1625.2	49	Stat5b	STAT
MA1624.2	49	Stat5a	STAT
MA0518.2	49	Stat4	STAT
MA0144.3	49	STAT3	STAT
MA0519.2	49	Stat5a::Stat5b	STAT
MA0137.4	49	STAT1	STAT
MA2001.2	50	Six4	SIX homeobox
MA1118.2	50	SIX1	SIX homeobox
MA1119.2	50	SIX2	SIX homeobox
MA0743.3	51	SCRT1	SCRT (neural zinc-finger)
MA0744.3	51	SCRT2	SCRT (neural zinc-finger)
MA0153.2	52	HNF1B	HNF1 homeobox
MA0046.3	52	HNF1A	HNF1 homeobox
MA1596.1	53	ZNF460	ZNF/Sp-zinc-finger
MA1965.2	53	SP5	ZNF/Sp-zinc-finger
MA0837.3	54	CEBPE	C/EBP bZIP
MA0838.1	54	CEBPG	C/EBP bZIP
MA0466.4	54	CEBPB	C/EBP bZIP
MA1639.2	55	MEIS1	TALE homeobox (MEIS/PBX)
MA0070.2	55	PBX1	TALE homeobox (MEIS/PBX)
MA1113.3	55	PBX2	TALE homeobox (MEIS/PBX)
MA1640.2	55	MEIS2	TALE homeobox (MEIS/PBX)
MA0672.2	56	NKX2-3	NKX2 homeobox
MA0673.2	56	NKX2-8	NKX2 homeobox
MA2003.2	56	NKX2-4	NKX2 homeobox
MA0105.4	57	NFKB1	NF-κB
MA0778.2	57	NFKB2	NF-κB
MA0160.3	58	NR4A2	NR4A
MA1112.3	58	NR4A1	NR4A
MA0067.3	59	PAX2	PAX paired-box
MA2094.1	59	PAX8	PAX paired-box
MA0779.2	59	PAX1	PAX paired-box
MA0781.2	59	PAX9	PAX paired-box
MA0161.3	60	NFIC	NF-I
MA0670.2	60	NFIA	NF-I
MA0119.1	60	NFIC::TLX1	NF-I
MA0671.2	60	NFIX	NF-I
MA1527.2	60	NFIC	NF-I
MA1643.2	60	NFIB	NF-I
MA1528.2	60	NFIX	NF-I
MA0734.4	61	Gli2	GLI Hedgehog-effector
MA1990.2	61	Gli1	GLI Hedgehog-effector
MA1491.3	61	GLI3	GLI Hedgehog-effector
MA0495.4	62	MAFF	MAF/NRL bZIP
MA0842.3	62	NRL	MAF/NRL bZIP
MA0117.3	62	Mafb	MAF/NRL bZIP
MA0124.3	63	Nkx3-1	NKX3 homeobox
MA0122.4	63	Nkx3-2	NKX3 homeobox
MA1989.2	64	Bcl11B	RUNX/BCL homeobox
MA0002.3	64	Runx1	RUNX/BCL homeobox
MA0768.3	65	Lef1	TCF/LEF-β-catenin
MA0523.2	65	TCF7L2	TCF/LEF-β-catenin
MA1991.2	65	Hnf1A	TCF/LEF-β-catenin
MA1421.1	65	TCF7L1	TCF/LEF-β-catenin
MA0769.3	65	TCF7	TCF/LEF-β-catenin
MA0696.1	66	ZIC1	ZIC zinc-finger homeobox
MA1584.2	66	ZIC5	ZIC zinc-finger homeobox
MA0751.2	66	ZIC4	ZIC zinc-finger homeobox
MA0836.3	67	CEBPD	C/EBP bZIP (α/δ)
MA0102.5	67	CEBPA	C/EBP bZIP (α/δ)
MA0872.1	68	TFAP2A	TFAP2 AP-2
MA0813.1	68	TFAP2B	TFAP2 AP-2
MA0815.1	68	TFAP2C	TFAP2 AP-2
MA0025.3	69	NFIL3	bZIP circadian/HLF
MA0043.4	69	HLF	bZIP circadian/HLF
MA0060.4	70	NFYA	NF-Y CCAAT-box complex
MA1644.2	70	NFYC	NF-Y CCAAT-box complex
MA1724.2	71	Rfx6	RFX4/6
MA0799.3	71	RFX4	RFX4/6
MA0650.4	72	Hoxa13	HOX13
MA0901.3	72	HOXB13	HOX13
MA0909.4	72	Hoxd13	HOX13
MA1557.1	73	SMAD5	SMAD
MA0795.1	73	SMAD3	SMAD
MA2122.1	74	Ebf4	EBF1/4
MA0154.5	74	EBF1	EBF1/4
MA0755.2	75	CUX2	CUT/ONECUT homeobox
MA0754.3	75	CUX1	CUT/ONECUT homeobox
MA0756.3	75	ONECUT2	CUT/ONECUT homeobox
MA1628.2	76	Zic1::Zic2	ZIC2/3
MA0697.3	76	Zic3	ZIC2/3
MA1629.2	76	Zic2	ZIC2/3
MA0883.2	77	Dmbx1	PITX/DMBX homeobox
MA1547.2	77	PITX2	PITX/DMBX homeobox
MA0862.1	78	GMEB2	GMEB-GR‐modulator
MA0615.2	78	Gmeb1	GMEB-GR‐modulator
MA2323.1	79	Pgr	Steroid/NR3C-NR
MA0007.4	79	Ar	Steroid/NR3C-NR
MA0727.2	79	NR3C2	Steroid/NR3C-NR
MA0113.4	79	NR3C1	Steroid/NR3C-NR
MA0063.3	80	NKX2-5	NKX2-homeobox
MA1645.2	80	NKX2-2	NKX2-homeobox
MA0686.2	81	SPDEF	SPDEF
MA0829.3	82	SREBF1	SREBF1
MA1726.2	83	ZNF331	ZNF331
MA1710.2	84	ZNF257	ZNF257
MA2335.1	85	ZNF558	ZNF558
MA2102.1	86	ZBTB17	ZBTB17
MA2126.1	87	Zfp961	Zfp961
MA2334.1	88	ZNF547	ZNF547
MA0494.2	89	Nr1h3::Rxra	Nr1h3::Rxra
MA1600.2	90	ZNF684	ZNF684
MA0035.5	91	GATA1	GATA1
MA0469.4	92	E2F3	E2F3
MA1514.2	93	KLF17	KLF17
MA1728.2	94	ZNF549	ZNF549
MA1652.2	95	ZKSCAN5	ZKSCAN5
MA1594.1	96	ZNF382	ZNF382
MA1982.2	97	ZNF574	ZNF574
MA1108.3	98	MXI1	MXI1
MA1646.2	99	OSR2	OSR2
MA1731.2	100	ZNF768	ZNF768
MA0749.2	101	ZBED1	ZBED1
MA1960.2	102	MGA::EVX1	MGA::EVX1
MA0895.2	103	HMBOX1	HMBOX1
MA0601.2	104	Arid3b	Arid3b
MA2100.1	105	ZSCAN16	ZSCAN16
MA0794.1	106	PROX1	PROX1
MA1542.2	107	OSR1	OSR1
MA1548.2	108	PLAGL2	PLAGL2
MA1116.2	109	RBPJ	RBPJ
MA0146.3	110	Zfx	Zfx
MA1721.2	111	ZNF93	ZNF93
MA0684.3	112	RUNX3	RUNX3
MA1963.2	113	SATB1	SATB1
MA0069.1	114	PAX6	PAX6
MA0056.3	115	MZF1	MZF1
MA1718.1	116	ZNF8	ZNF8
MA0100.4	117	MYB	MYB
MA0131.3	118	HINFP	HINFP
MA1999.2	119	Prdm5	Prdm5
MA0468.1	120	DUX4	DUX4
MA0914.2	121	ISL2	ISL2
MA1720.2	122	ZNF85	ZNF85
MA1418.2	123	IRF3	IRF3
MA0155.1	124	INSM1	INSM1
MA0019.2	125	Ddit3::Cebpa	Ddit3::Cebpa
MA0095.4	126	Yy1	Yy1
MA0092.2	127	Hand1::Tcf3	Hand1::Tcf3
MA0108.3	128	TBP	TBP
MA1975.2	129	ZNF214	ZNF214
MA0814.3	130	TFAP2C	TFAP2C
MA0116.1	131	Znf423	Znf423
MA1976.2	132	ZNF320	ZNF320
MA1588.1	133	ZNF136	ZNF136
MA1601.2	134	ZNF75D	ZNF75D
MA1939.2	135	ERF::SREBF2	ERF::SREBF2
MA1715.1	136	ZNF707	ZNF707
MA1712.2	137	ZNF454	ZNF454
MA1722.2	138	ZSCAN31	ZSCAN31
MA1971.2	139	ZBED2	ZBED2
MA1717.2	140	ZNF784	ZNF784
MA1494.2	141	HNF4A	HNF4A
MA0594.3	142	HOXA9	HOXA9
MA1125.2	143	ZNF384	ZNF384
MA1974.2	144	ZNF211	ZNF211
MA0735.2	145	GLIS1	GLIS1
MA0083.3	146	SRF	SRF
MA2121.1	147	ZNF213	ZNF213
MA2328.1	148	ZBED4	ZBED4
MA0777.1	149	MYBL2	MYBL2
MA1711.2	150	ZNF343	ZNF343
MA1723.2	151	PRDM9	PRDM9
MA1986.2	152	ZNF692	ZNF692
MA0145.2	153	Tfcp2l1	Tfcp2l1
MA1657.2	154	ZNF652	ZNF652
MA1533.2	155	NR1I2	NR1I2
MA1102.3	156	CTCFL	CTCFL
MA0739.2	157	Hic1	Hic1
MA2333.1	158	ZNF35	ZNF35
MA2324.1	159	BCL11A	BCL11A
MA2101.1	160	ZNF677	ZNF677
MA2331.1	161	ZNF157	ZNF157
MA0151.1	162	Arid3a	Arid3a
MA1969.2	163	THRA	THRA
MA0752.2	164	ZNF410	ZNF410
MA1709.2	165	ZIM3	ZIM3
MA0731.1	166	BCL6B	BCL6B
MA2330.1	167	ZBTB24	ZBTB24
MA0502.3	168	NFYB	NFYB
MA0610.2	169	DMRT3	DMRT3
MA1684.1	170	Foxn1	Foxn1
MA1719.2	171	ZNF816	ZNF816
MA0528.3	172	ZNF263	ZNF263
MA0738.2	173	HIC2	HIC2
MA0093.4	174	USF1	USF1
MA0014.4	175	PAX5	PAX5
MA2124.1	176	Hmga1	Hmga1
MA0508.4	177	PRDM1	PRDM1
MA1585.2	178	ZKSCAN1	ZKSCAN1
MA1546.2	179	PAX3	PAX3-motif1
MA0758.1	180	E2F7	E2F7
MA0164.2	181	Nr2e3	Nr2e3
MA1155.1	182	ZSCAN4	ZSCAN4
MA1964.2	183	SMAD2	SMAD2
MA2123.1	184	Hand1	Hand1
MA0130.1	185	ZNF354C	ZNF354C
MA1599.2	186	ZNF682	ZNF682
MA1730.2	187	ZNF708	ZNF708
MA0527.2	188	ZBTB33	ZBTB33
MA0051.2	189	IRF2	IRF2
MA0619.2	190	LIN54	LIN54
MA0511.2	191	RUNX2	RUNX2
MA2097.1	192	ZNF75A	ZNF75A
MA2096.1	193	ZNF524	ZNF524
MA2125.1	194	Zfp809	Zfp809
MA2336.1	195	ZSCAN21	ZSCAN21
MA0112.4	196	ESR1	ESR1
MA1656.2	197	ZNF449	ZNF449
MA0693.4	198	Vdr	Vdr
MA0629.2	199	Rhox11	Rhox11
MA1983.2	200	ZNF582	ZNF582
MA0863.1	201	MTF1	MTF1
MA1973.2	202	ZKSCAN3	ZKSCAN3
MA0767.2	203	GCM2	GCM2
MA1153.2	204	Smad4	Smad4
MA1117.2	205	RELB	RELB
MA0024.3	206	E2F1	E2F1
MA1478.2	207	DMRTA2	DMRTA2
MA1979.2	208	ZNF416	ZNF416
MA1654.2	209	ZNF16	ZNF16
MA0499.3	210	MYOD1	MYOD1
MA0676.1	211	Nr2e1	Nr2e1
MA1655.2	212	ZNF341	ZNF341
MA1124.1	213	ZNF24	ZNF24
MA0776.1	214	MYBL1	MYBL1
MA0520.2	215	Stat6	Stat6
MA0483.2	216	Gfi1B	Gfi1B
MA1998.2	217	Prdm14	Prdm14
MA1592.2	218	ZNF274	ZNF274
MA0463.3	219	BCL6	BCL6
MA1623.2	220	Stat2	Stat2
MA1943.2	221	ETV2::HOXB13	ETV2::HOXB13
MA1615.2	222	Plagl1	Plagl1
MA2099.1	223	ZNF770	ZNF770
MA0780.1	224	PAX3	PAX3-motif2
MA1725.2	225	ZNF189	ZNF189
MA1583.2	226	ZFP57	ZFP57
MA1627.2	227	Wt1	Wt1
MA2327.1	228	PGR	PGR
MA1485.1	229	FERD3L	FERD3L
MA1603.2	230	Dmrt1	Dmrt1
MA1593.2	231	ZNF317	ZNF317
MA0073.2	232	RREB1	RREB1
MA1587.1	233	ZNF135	ZNF135
MA0006.2	234	Ahr::Arnt	Ahr::Arnt
MA1602.2	235	ZSCAN29	ZSCAN29
MA2098.1	236	ZNF766	ZNF766
MA1534.2	237	NR1I3	NR1I3
MA1727.2	238	ZNF417	ZNF417
MA0646.2	239	GCM1	GCM1
MA1554.2	240	RFX7	RFX7
MA1729.2	241	ZNF680	ZNF680
MA0632.3	242	TCFL5	TCFL5
MA1493.1	243	HES6	HES6
MA0149.1	244	EWSR1-FLI1	EWSR1-FLI1
MA1154.2	245	ZNF282	ZNF282
MA0506.3	246	Nrf1	Nrf1
MA0679.3	247	ONECUT1	ONECUT1
MA1575.2	248	THRB	THRB
MA1480.2	249	DPRX	DPRX
MA1981.2	250	ZNF530	ZNF530
MA1714.2	251	ZNF675	ZNF675
MA0631.2	252	Six3	Six3
MA1938.2	253	ERF::NHLH1	ERF::NHLH1
MA1581.2	254	ZBTB6	ZBTB6
MA1977.2	255	ZNF324	ZNF324
MA1573.2	256	Thap11	Thap11
MA1479.2	257	DMRTC2	DMRTC2
MA1524.3	258	Msgn1	Msgn1
MA1105.3	259	GRHL2	GRHL2
MA0772.2	260	IRF7	IRF7
MA1579.2	261	ZBTB26	ZBTB26
MA1707.2	262	DMRTA1	DMRTA1
MA0163.1	263	PLAG1	PLAG1
MA0059.2	264	MAX::MYC	MAX::MYC
MA0698.2	265	ZBTB18	ZBTB18
MA1649.2	266	ZBTB12	ZBTB12
MA0138.3	267	REST	REST
MA1616.2	268	Prdm15	Prdm15
MA1985.1	269	ZNF669	ZNF669
MA0748.3	270	YY2	YY2
MA2339.1	271	Nanog	Nanog
MA0907.2	272	HOXC13	HOXC13
MA0479.2	273	FOXH1	FOXH1
MA0757.2	274	ONECUT3	ONECUT3
MA1978.2	275	ZNF354A	ZNF354A
MA0597.3	276	THAP1	THAP1
MA1995.2	277	Npas4	Npas4
MA1651.2	278	ZFP42	ZFP42
MA0140.3	279	GATA1::TAL1	GATA1::TAL1
MA1523.2	280	MSANTD3	MSANTD3
MA0038.3	281	GFI1	GFI1
MA1608.2	282	Isl1	Isl1
MA1650.2	283	ZBTB14	ZBTB14
MA1994.2	284	Nkx2-1	Nkx2-1
MA0517.2	285	STAT1::STAT2	STAT1::STAT2
MA2341.1	286	FEZF2	FEZF2
MA0737.1	287	GLIS3	GLIS3
MA0753.3	288	ZNF740	ZNF740
MA1987.2	289	ZNF701	ZNF701
MA0050.4	290	Irf1	Irf1
MA1580.1	291	ZBTB32	ZBTB32
MA1597.1	292	ZNF528	ZNF528
MA1647.3	293	Prdm4	Prdm4
MA0602.2	294	Arid5a	Arid5a
MA1980.1	295	ZNF418	ZNF418
MA2120.1	296	ZNF184	ZNF184
MA1713.2	297	ZNF610	ZNF610
MA1972.1	298	ZFP14	ZFP14
MA1716.2	299	ZNF76	ZNF76
MA0111.1	300	Spz1	Spz1
MA1630.3	301	ZNF281	ZNF281
MA2002.2	302	Zfp335	Zfp335
MA1589.2	303	ZNF140	ZNF140
MA1984.2	304	ZNF667	ZNF667
MA0088.2	305	ZNF143	ZNF143
